{
  "total": {
    "n": 29087,
    "mean_rel": 10.420468612931707,
    "median_rel": 6.192876243131718,
    "p90_rel": 21.214932277759214,
    "p95_rel": 28.061598919058184,
    "p99_rel": 60.9503294198338,
    "mean_abs": 1.5072142169364653,
    "median_abs": 0.5355319976806641,
    "mean_signed": -0.1531232286836461,
    "median_signed": -0.004502534866333008,
    "mean_pred": 2.842991411114221,
    "mean_gt": 2.996114639797867,
    "mean_signed_scale": 0.00016300271571914086,
    "over_pct": 49.43789321690102,
    "under_pct": 50.56210678309898
  },
  "standard_only": {
    "n": 28616,
    "mean_rel": 10.295365307502605,
    "median_rel": 6.1062127991551245,
    "p90_rel": 20.912811945180046,
    "p95_rel": 27.706149076964746,
    "p99_rel": 60.6042497030894,
    "mean_abs": 1.462463807882228,
    "median_abs": 0.5166816711425781,
    "mean_signed": -0.10460940122121135,
    "median_signed": 0.0005210638046264648,
    "mean_pred": 2.6437826356742513,
    "mean_gt": 2.7483920368954626,
    "mean_signed_scale": 0.00022314715717036796,
    "over_pct": 50.03844003354767,
    "under_pct": 49.961559966452334
  },
  "by_bin": {
    "ttc -20~0": {
      "n": 8561,
      "mean_rel": 12.013413692200542,
      "median_rel": 8.19472049359479,
      "p90_rel": 23.462593664627647,
      "p95_rel": 29.439651992836215,
      "p99_rel": 55.89974444263206,
      "mean_abs": 1.8477837466675604,
      "median_abs": 0.9076938629150391,
      "mean_signed": 0.4294041150112796,
      "median_signed": 0.08298254013061523,
      "mean_pred": -11.24567910785528,
      "mean_gt": -11.67508322286656,
      "mean_signed_scale": -0.00046052420032092616,
      "over_pct": 54.082467001518516,
      "under_pct": 45.917532998481484
    },
    "ttc 0~3": {
      "n": 3876,
      "mean_rel": 5.509858983745127,
      "median_rel": 3.047151094375177,
      "p90_rel": 9.588759742776638,
      "p95_rel": 13.39733988230269,
      "p99_rel": 26.219143211322606,
      "mean_abs": 0.11333645734132505,
      "median_abs": 0.061393797397613525,
      "mean_signed": 0.03017822590774796,
      "median_signed": 0.019194841384887695,
      "mean_pred": 2.113195229794588,
      "mean_gt": 2.08301700388684,
      "mean_signed_scale": 0.002801866415730448,
      "over_pct": 58.82352941176471,
      "under_pct": 41.17647058823529
    },
    "ttc 3~6": {
      "n": 3958,
      "mean_rel": 7.131708610010984,
      "median_rel": 3.5854813634164584,
      "p90_rel": 12.461541782910988,
      "p95_rel": 19.434994485476363,
      "p99_rel": 50.835312099710556,
      "mean_abs": 0.361035176453535,
      "median_abs": 0.1480717658996582,
      "mean_signed": 0.07408220777612795,
      "median_signed": 0.0025920867919921875,
      "mean_pred": 4.368443524855565,
      "mean_gt": 4.294361317079437,
      "mean_signed_scale": 0.0010157780493070768,
      "over_pct": 50.555836280949976,
      "under_pct": 49.444163719050024
    },
    "ttc 6~20": {
      "n": 12221,
      "mean_rel": 11.634221661168981,
      "median_rel": 7.660706014714472,
      "p90_rel": 22.691473761230853,
      "p95_rel": 30.288679941108025,
      "p99_rel": 69.17975000927954,
      "mean_abs": 1.9771473966188355,
      "median_abs": 0.9079380035400391,
      "mean_signed": -0.5793158854393334,
      "median_signed": -0.15496063232421875,
      "mean_pred": 11.983282756136264,
      "mean_gt": 12.562598641575597,
      "mean_signed_scale": -0.00037250282448195133,
      "over_pct": 44.25169789706243,
      "under_pct": 55.748302102937565
    },
    "out_of_range": {
      "n": 471,
      "mean_rel": 18.021224851061586,
      "median_rel": 15.65101623535156,
      "p90_rel": 30.942497253417965,
      "p95_rel": 36.45583391189575,
      "p99_rel": 78.75340294838009,
      "mean_abs": 4.226062848562901,
      "median_abs": 3.2256011962890625,
      "mean_signed": -3.1006215018578143,
      "median_signed": -2.986776351928711,
      "mean_pred": 14.946087627653863,
      "mean_gt": 18.046709129511676,
      "mean_signed_scale": -0.0034911232642560503,
      "over_pct": 12.951167728237792,
      "under_pct": 87.04883227176221
    }
  },
  "contribution": {
    "ttc -20~0": {
      "n": 8561,
      "sample_share": 0.29432392477739194,
      "error_share": 0.33931632052276267
    },
    "ttc 0~3": {
      "n": 3876,
      "sample_share": 0.13325540619520748,
      "error_share": 0.07045925900550302
    },
    "ttc 3~6": {
      "n": 3958,
      "sample_share": 0.13607453501564273,
      "error_share": 0.09312862684217371
    },
    "ttc 6~20": {
      "n": 12221,
      "sample_share": 0.4201533331041359,
      "error_share": 0.4690918605086844
    },
    "out_of_range": {
      "n": 471,
      "sample_share": 0.01619280090762196,
      "error_share": 0.028003933120876238
    }
  }
}